{"IBM": 0.37548, "RXDX": 0.30574, "COKE": 0.30453, "APPF": 0.2643, "AMZN": 0.19844, "COCSF": 0.19529, "VZ": 0.1665, "MSFT": 0.149, "UBER": 0.14527, "KO": 0.14407, "PEP": 0.14117, "BRK-A": 0.1367, "AMD": 0.12601, "TSLA": 0.12235, "BLBX": 0.11888, "FHI": 0.11569, "HD": 0.11423, "NVDA": 0.114, "AAPL": 0.10868, "QCOM": 0.10747, "WFC": 0.08023, "BAC": 0.07653, "META": 0.07284, "GOOG": 0.07068, "TSM": 0.0693, "JNJ": 0.06298, "AXP": 0.0547, "UL": 0.05446, "GLW": 0.05325, "TMUS": 0.05311, "MDNDF": 0.05257, "MS": 0.0518, "SPSC": 0.03932, "AWON": 0.03329, "PG": 0.02986, "KEY": 0.01993, "LRLCF": 0.01563, "NFLX": 0.01378, "INTC": 0.01, "T": 0.00861, "JPM": -0.00738, "SSNLF": -0.00765, "PINS": -0.06065, "C": -0.0766}