{"MU": 0.21692, "NVDA": 0.15703, "MSFT": 0.09876, "AAPL": 0.07576, "TSLA": 0.06619, "AMD": 0.2471, "BRK-A": 0.12593, "META": 0.16041, "GOOG": 0.05835, "AMZN": 0.16003, "BIDU": 0.0748, "NOW": 0.01881, "WMT": 0.07867, "VZ": 0.20351, "TMUS": 0.07165, "T": 0.10121, "ENB": 0.24367, "OXY": 0.12354, "ET": 0.09974, "CRBO": 0.21353, "KMI": 0.13759, "BIPC": 0.1366, "KO": 0.13696, "NSRGF": 0.04955, "COCSF": 0.23562, "PEP": 0.13677, "NKE": 0.09902, "MDLZ": -0.03775, "CVX": 0.01778, "APPF": 0.25523, "AWON": 0.08534, "FHI": 0.11569, "KEY": 0.02678, "SPSC": 0.03932}