{"IBM": 0.37548, "NOK": 0.31858, "RXDX": 0.30574, "COKE": 0.30453, "NEWR": 0.26966, "APPF": 0.2643, "NOW": 0.25391, "VZ": 0.23305, "AMZN": 0.19844, "COCSF": 0.19529, "SPLK": 0.193, "ANET": 0.17649, "JNPR": 0.16281, "UBER": 0.14527, "KO": 0.14407, "BRK-A": 0.1367, "AMD": 0.12856, "PANW": 0.12111, "BLBX": 0.11888, "FHI": 0.11569, "NVDA": 0.11533, "HD": 0.11423, "BA": 0.11231, "QCOM": 0.10747, "CRWD": 0.10386, "MSFT": 0.09847, "BAC": 0.09769, "GOOG": 0.09499, "CCZ": 0.08637, "WFC": 0.08521, "PEP": 0.08087, "AWON": 0.07232, "TSM": 0.0693, "JNJ": 0.06298, "UPS": 0.06076, "GM": 0.06076, "HAL": 0.06076, "GLW": 0.05502, "UL": 0.05446, "TMUS": 0.05311, "MS": 0.0518, "META": 0.04255, "MDNDF": 0.04, "SPSC": 0.03932, "AAPL": 0.03866, "UNP": 0.02502, "PG": 0.02464, "T": 0.0222, "KEY": 0.01993, "INTC": 0.01911, "LRLCF": 0.01563, "SSNLF": -0.00531, "FCX": -0.00624, "AXP": -0.00653, "JPM": -0.00738, "TSLA": -0.02149, "NFLX": -0.04356, "PINS": -0.06065, "C": -0.0766}