{"IBM": 0.29996, "SPLK": 0.21753, "NVDA": 0.18795, "EADSF": 0.18051, "AMZN": 0.1783, "VZ": 0.17772, "ANET": 0.17515, "COCSF": 0.16694, "JNPR": 0.1623, "RTX": 0.1565, "BA": 0.15464, "KO": 0.1538, "NOC": 0.13936, "TXT": 0.13639, "BRK-A": 0.1343, "ASML": 0.12911, "IVZ": 0.12368, "MDNDF": 0.12141, "AAPL": 0.11597, "HD": 0.11423, "TSLA": 0.11407, "GS": 0.09097, "META": 0.08569, "PEP": 0.0849, "AXP": 0.08131, "NFLX": 0.07324, "GOOG": 0.07102, "T": 0.06892, "PG": 0.06531, "MSFT": 0.06238, "GLW": 0.05558, "BAC": 0.04711, "UNH": 0.04661, "JPM": 0.04184, "FOREX:USD": 0.035, "WFC": 0.03477, "C": 0.03437, "UAL": 0.03307, "AWON": 0.02762, "ISRG": 0.02728, "PM": 0.02535, "LMT": 0.02532, "GD": 0.01697, "SSNLF": 0.01258, "BK": 0.0, "NYT": -0.00165, "JNJ": -0.00897, "STT": -0.0134, "MS": -0.02456, "FCX": -0.02505, "SCHW": -0.03659, "CSCO": -0.03828}